{
  "project_info": {
    "project_number": "288331791220",
    "project_id": "pulperia-j80069",
    "storage_bucket": "pulperia-j80069.appspot.com"
  },
  "client": [
    {
      "client_info": {
        "mobilesdk_app_id": "1:288331791220:android:f010a8d1df132c11898a21",
        "android_client_info": {
          "package_name": "com.karroyo80069.pulperiaj"
        }
      },
      "oauth_client": [
        {
          "client_id": "288331791220-5hs8hkr3d4ut4tgdk9a5q4p1qsota50c.apps.googleusercontent.com",
          "client_type": 1,
          "android_info": {
            "package_name": "com.karroyo80069.pulperiaj",
            "certificate_hash": "9bbb3186b2189ef16d8f272bdab59362c395cbb4"
          }
        },
        {
          "client_id": "288331791220-mmc8a3i167e2infj5fkkkcghp0gh29hc.apps.googleusercontent.com",
          "client_type": 3
        }
      ],
      "api_key": [
        {
          "current_key": "AIzaSyBRs6c_GHoOab1AS56GlGsZOk54zIH5two"
        }
      ],
      "services": {
        "appinvite_service": {
          "other_platform_oauth_client": [
            {
              "client_id": "288331791220-mmc8a3i167e2infj5fkkkcghp0gh29hc.apps.googleusercontent.com",
              "client_type": 3
            },
            {
              "client_id": "288331791220-u1davtahk0ho4ug5n8kkhbt2d8nle4r1.apps.googleusercontent.com",
              "client_type": 2,
              "ios_info": {
                "bundle_id": "com.karroyo80069.pulperiaj"
              }
            }
          ]
        }
      }
    }
  ],
  "configuration_version": "1"
}